Client,P_MF,P_CC,P_CL,ER_MF,ER_CC,ER_CL
909,0.1272,0.1202,0.3253,1.2291,1.3055,3.9173
699,0.2023,0.2637,0.4763,1.9551,2.8643,5.7364
528,0.1769,0.212,0.5032,1.7096,2.3032,6.0601
1145,0.2461,0.1514,0.1296,2.3782,1.6444,1.5612
517,0.2098,0.1854,0.235,2.0278,2.0144,2.8298
1475,0.1888,0.2537,0.1581,1.8251,2.7555,1.9042
175,0.1108,0.0791,0.4187,1.0707,0.8588,5.0419
1134,0.2405,0.1594,0.5217,2.3247,1.7314,6.2829
1218,0.1307,0.3068,0.3604,1.2634,3.3328,4.3405
7,0.198,0.2082,0.2885,1.9132,2.2619,3.4748
817,0.2814,0.2119,0.3345,2.7193,2.3015,4.028
994,0.1001,0.166,0.2358,0.9676,1.8032,2.8396
3,0.278,0.1211,0.3322,2.6873,1.316,4.0005
654,0.1615,0.1492,0.3381,1.5611,1.6205,4.0715
54,0.1339,0.1754,0.3936,1.2941,1.9053,4.7407
1445,0.0893,0.2154,0.1445,0.8634,2.3399,1.7408
1098,0.2984,0.0954,0.2176,2.8843,1.0362,2.6202
97,0.1659,0.2854,0.2433,1.6034,3.0997,2.9304
1201,0.2365,0.1639,0.2526,2.2858,1.78,3.0423
18,0.1812,0.2358,0.1559,1.7518,2.5609,1.8777
273,0.1694,0.3039,0.2071,1.6369,3.3009,2.4942
63,0.1638,0.3287,0.1777,1.5836,3.5708,2.1397
688,0.1095,0.2065,0.2024,1.0579,2.2432,2.4371
1520,0.1657,0.1897,0.2366,1.6018,2.0607,2.8491
109,0.2814,0.268,0.2028,2.7195,2.9116,2.4425
357,0.1074,0.2318,0.2965,1.038,2.5179,3.5712
1289,0.1193,0.265,0.6155,1.1535,2.8783,7.412
668,0.3696,0.5974,0.3926,3.5719,6.4892,4.7278
1380,0.1433,0.3131,0.3497,1.3849,3.4009,4.2113
1331,0.2033,0.3496,0.1497,1.9651,3.7971,1.8027
135,0.1357,0.2339,0.2947,1.3119,2.5408,3.5493
332,0.191,0.2805,0.1449,1.8461,3.0473,1.7454
1076,0.1509,0.6248,0.262,1.4585,6.7871,3.1554
976,0.1575,0.3635,0.2843,1.5225,3.9489,3.4242
1063,0.062,0.173,0.6503,0.5994,1.8796,7.8313
1037,0.1265,0.2362,0.221,1.2229,2.5656,2.6618
427,0.1945,0.1868,0.2066,1.8797,2.0293,2.4885
1004,0.145,0.3538,0.211,1.4012,3.8435,2.5416
707,0.2129,0.2059,0.1432,2.0581,2.2364,1.7247
1127,0.1664,0.2353,0.1883,1.6085,2.5563,2.2674
1550,0.1682,0.3465,0.1302,1.6257,3.7639,1.5676
1088,0.224,0.1129,0.1306,2.1654,1.2267,1.573
1186,0.0995,0.2232,0.4239,0.9618,2.4248,5.1045
891,0.2644,0.2312,0.2462,2.5556,2.5116,2.9653
889,0.2079,0.2729,0.382,2.0098,2.9639,4.6007
1578,0.2848,0.1703,0.4017,2.753,1.8498,4.8382
240,0.2074,0.1811,0.5113,2.0045,1.967,6.1581
1288,0.1322,0.1895,0.1689,1.2778,2.0588,2.0336
1458,0.2641,0.1175,0.4431,2.5529,1.2765,5.3358
375,0.1266,0.4133,0.205,1.2237,4.4897,2.4693
1440,0.4462,0.2388,0.3332,4.313,2.5942,4.0123
1447,0.1157,0.2574,0.2246,1.1185,2.7965,2.7043
19,0.1158,0.6117,0.1099,1.1196,6.6449,1.3238
797,0.1908,0.4446,0.3305,1.8441,4.829,3.9801
787,0.1612,0.3604,0.2727,1.5575,3.915,3.2837
10,0.203,0.2149,0.2183,1.962,2.3342,2.6295
1611,0.1957,0.16,0.4792,1.891,1.7384,5.7711
293,0.182,0.164,0.4304,1.7591,1.7809,5.1833
959,0.3218,0.1537,0.164,3.1104,1.6694,1.9751
1489,0.2254,0.2808,0.1233,2.1786,3.0505,1.4847
1405,0.1687,0.2427,0.2059,1.6305,2.636,2.4793
154,0.3402,0.1727,0.4151,3.2884,1.8764,4.9985
460,0.2142,0.1595,0.6368,2.0707,1.7322,7.6688
217,0.0912,0.4308,0.5811,0.8818,4.6794,6.9986
9,0.1258,0.2548,0.4499,1.216,2.7675,5.4182
4,0.1607,0.1556,0.5415,1.5534,1.6901,6.5214
150,0.3285,0.1828,0.2531,3.1746,1.9861,3.0478
834,0.1539,0.1506,0.3887,1.4876,1.6354,4.6809
633,0.1441,0.4134,0.0958,1.3932,4.4906,1.1534
70,0.1211,0.1737,0.3273,1.1703,1.8864,3.9419
894,0.1371,0.0716,0.1847,1.3246,0.7782,2.2248
126,0.2166,0.2577,0.6075,2.0936,2.7995,7.3162
1516,0.4018,0.1174,0.4997,3.8831,1.2752,6.0179
476,0.4538,0.2827,0.1864,4.3859,3.0706,2.2448
570,0.0498,0.2278,0.1461,0.4814,2.4742,1.76
369,0.1723,0.137,0.1439,1.6656,1.4886,1.7329
133,0.2009,0.1706,0.17,1.9418,1.8528,2.0477
468,0.3665,0.3716,0.2305,3.5426,4.0362,2.7759
1227,0.09,0.6022,0.4367,0.8694,6.541,5.2589
1393,0.2476,0.135,0.2733,2.3933,1.4669,3.292
1086,0.0828,0.1656,0.1601,0.8,1.7994,1.9279
1028,0.1375,0.1373,0.1913,1.3285,1.4916,2.3039
816,0.1937,0.2203,0.2086,1.8718,2.3928,2.5116
852,0.2169,0.186,0.5331,2.0963,2.0199,6.4205
199,0.1091,0.0878,0.3613,1.0547,0.9537,4.3517
125,0.1837,0.1435,0.3384,1.7751,1.5592,4.0754
1250,0.1179,0.2996,0.2236,1.139,3.2544,2.693
929,0.2706,0.2124,0.1145,2.615,2.3072,1.3788
791,0.1291,0.3844,0.1808,1.2474,4.1751,2.1772
382,0.1429,0.7005,0.3072,1.3811,7.6091,3.6995
84,0.0421,0.2852,0.3076,0.4069,3.0977,3.7044
51,0.1644,0.2562,0.1792,1.5886,2.7828,2.158
473,0.0972,0.2432,0.1061,0.939,2.642,1.2778
342,0.1111,0.1519,0.6631,1.0739,1.6504,7.986
690,0.1387,0.3199,0.1504,1.3408,3.4746,1.8113
1599,0.1242,0.3855,0.515,1.2008,4.1875,6.2018
1390,0.124,0.33,0.2369,1.1983,3.5846,2.8532
1139,0.0455,0.2404,0.1262,0.44,2.6112,1.5204
1606,0.1555,0.1439,0.1457,1.5034,1.5635,1.7548
61,0.2231,0.1823,0.5089,2.1559,1.9798,6.1292
1074,0.2052,0.1977,0.2414,1.9831,2.1472,2.9078
1357,0.235,0.2298,0.2048,2.2714,2.4957,2.4663
474,0.1439,0.2342,0.4718,1.3912,2.5435,5.6819
1414,0.0795,0.487,0.1733,0.7685,5.2905,2.0869
1374,0.1554,0.3451,0.3026,1.5015,3.7488,3.6445
1339,0.1851,0.2902,0.1381,1.7886,3.1528,1.6636
1156,0.1977,0.2068,0.1528,1.9105,2.2464,1.8406
94,0.1143,0.245,0.3588,1.1045,2.6617,4.3216
957,0.1022,0.2713,0.2007,0.988,2.9475,2.4165
1172,0.1277,0.2093,0.3424,1.2341,2.2732,4.123
471,0.1647,0.1688,0.2274,1.5922,1.8333,2.7388
25,0.2612,0.2409,0.2,2.5241,2.6164,2.4089
933,0.3091,0.1262,0.31,2.9875,1.3706,3.7336
266,0.1839,0.2501,0.2134,1.777,2.7163,2.5698
1031,0.1481,0.1854,0.4551,1.4311,2.0141,5.4804
1051,0.1505,0.2614,0.3374,1.4546,2.84,4.0638
647,0.1576,0.1963,0.1438,1.5229,2.1326,1.7318
659,0.1717,0.2379,0.391,1.6593,2.5837,4.7086
1503,0.1786,0.2241,0.1162,1.7263,2.434,1.3997
656,0.1512,0.2982,0.1243,1.4616,3.2393,1.4966
1410,0.1721,0.4439,0.2053,1.6638,4.8221,2.4721
59,0.1133,0.1931,0.2867,1.0951,2.0977,3.453
701,0.2436,0.6009,0.5013,2.3546,6.5268,6.0372
1430,0.2133,0.2205,0.1906,2.062,2.3951,2.2957
1095,0.5427,0.0626,0.3337,5.2455,0.6804,4.0194
381,0.3749,0.1308,0.0941,3.6232,1.4204,1.1337
121,0.3845,0.2319,0.3035,3.7164,2.5193,3.6556
1419,0.1388,0.5549,0.2145,1.3418,6.0278,2.5832
665,0.1621,0.2887,0.5888,1.5668,3.1364,7.091
524,0.2547,0.1813,0.7918,2.4612,1.9695,9.5359
439,0.2353,0.1991,0.1796,2.2741,2.1626,2.1627
991,0.2746,0.1009,0.2325,2.6542,1.0955,2.7995
355,0.0549,0.2067,0.0785,0.5306,2.2452,0.945
1354,0.1537,0.471,0.2586,1.4856,5.1166,3.1146
635,0.4296,0.1271,0.3072,4.1524,1.3803,3.6995
652,0.1486,0.2077,0.1515,1.4365,2.2561,1.8243
1370,0.1961,0.1211,0.141,1.8957,1.315,1.6985
459,0.1688,0.1849,0.3424,1.6314,2.0087,4.1234
1446,0.0341,0.2428,0.0955,0.3299,2.6373,1.1495
1222,0.1793,0.4583,0.162,1.733,4.9783,1.9514
485,0.1427,0.1843,0.619,1.3788,2.0015,7.4544
1124,0.1542,0.2925,0.2599,1.4901,3.1775,3.1301
830,0.2757,0.1273,0.4,2.6645,1.3826,4.8173
717,0.1339,0.1915,0.5517,1.2939,2.0799,6.6438
854,0.2518,0.2371,0.2904,2.4334,2.5754,3.4971
1589,0.2599,0.1395,0.3076,2.5121,1.5158,3.7047
313,0.3738,0.1693,0.3261,3.6127,1.8392,3.9276
986,0.1043,0.3646,0.3512,1.0083,3.9605,4.2291
1320,0.1382,0.127,0.2314,1.3358,1.3795,2.7865
200,0.5029,0.1323,0.3848,4.8602,1.437,4.6344
565,0.3049,0.1922,0.3146,2.9468,2.0883,3.7889
1257,0.1814,0.1697,0.2806,1.7536,1.8433,3.3787
1541,0.1007,0.2833,0.1285,0.9732,3.0776,1.5478
1297,0.1905,0.281,0.3381,1.8409,3.0525,4.0721
1105,0.0868,0.2425,0.1623,0.8392,2.6342,1.9549
1080,0.0552,0.2521,0.1537,0.5339,2.7385,1.8512
794,0.1416,0.2132,0.2652,1.3684,2.3157,3.1937
1133,0.2819,0.3929,0.2007,2.7248,4.2684,2.4175
1448,0.178,0.1685,0.4548,1.7204,1.8308,5.4778
89,0.1201,0.3037,0.4601,1.1609,3.2994,5.5407
1244,0.0308,0.2604,0.129,0.2975,2.8282,1.5536
91,0.3122,0.1966,0.298,3.0175,2.1357,3.5886
1096,0.2166,0.2078,0.6578,2.0936,2.2573,7.9217
161,0.2491,0.4132,0.2769,2.4073,4.4882,3.3344
1363,0.0996,0.1953,0.131,0.9627,2.1219,1.5779
1183,0.2411,0.2554,0.4964,2.3301,2.7738,5.9787
974,0.1108,0.2087,0.1517,1.0706,2.2665,1.8271
1543,0.4843,0.3758,0.4749,4.6805,4.0826,5.7188
1530,0.0838,0.3368,0.6214,0.81,3.6588,7.4832
267,0.2436,0.2341,0.2169,2.3546,2.5427,2.6126
400,0.1163,0.2912,0.2874,1.1243,3.1635,3.4615
1460,0.1698,0.2285,0.1089,1.6415,2.4816,1.3119
625,0.1347,0.2462,0.1666,1.3015,2.674,2.006
677,0.1991,0.1718,0.4755,1.9239,1.8661,5.7265
590,0.2158,0.2186,0.1435,2.0861,2.3747,1.7288
24,0.1895,0.1614,0.1641,1.8311,1.753,1.9766
368,0.2071,0.1558,0.1386,2.002,1.6923,1.6691
305,0.0483,0.2408,0.0983,0.4669,2.6161,1.1842
706,0.1636,0.3822,0.5601,1.5811,4.1518,6.745
1174,0.2982,0.2061,0.1686,2.8825,2.2387,2.0307
144,0.209,0.1996,0.1285,2.0203,2.1681,1.547
176,0.1372,0.2437,0.2777,1.3262,2.647,3.3446
1422,0.1641,0.3745,0.2713,1.586,4.0681,3.2676
1395,0.2282,0.193,0.2168,2.2057,2.0969,2.611
660,0.1258,0.3009,0.2639,1.216,3.2681,3.1779
1243,0.3656,0.2909,0.2257,3.5331,3.1602,2.7183
1356,0.1113,0.1741,0.4963,1.076,1.8915,5.9775
733,0.1278,0.1853,0.2021,1.2352,2.0129,2.4337
1603,0.3905,0.1708,0.4161,3.7738,1.8549,5.0111
1511,0.1487,0.1455,0.2067,1.4373,1.5805,2.4897
861,0.2144,0.2225,0.1872,2.0721,2.4168,2.2547
710,0.2576,0.3325,0.6244,2.4899,3.6116,7.5203
1173,0.1729,0.2278,0.2522,1.6712,2.474,3.037
1054,0.2489,0.0966,0.2371,2.4055,1.0488,2.8551
897,0.186,0.3448,0.2758,1.7975,3.7455,3.3218
923,0.172,0.2471,0.4133,1.6625,2.6846,4.978
11,0.1876,0.2125,0.2268,1.8131,2.3078,2.7317
878,0.4143,0.1076,0.8191,4.0044,1.1686,9.8644
227,0.2323,0.1888,0.3242,2.245,2.0509,3.9048
331,0.2189,0.3676,0.5167,2.1159,3.9935,6.223
541,0.1861,0.3026,0.3781,1.7982,3.287,4.5536
1249,0.1486,0.4697,0.1382,1.4363,5.1026,1.6639
1150,0.1553,0.2974,0.2926,1.5009,3.2307,3.5234
748,0.137,0.4435,0.1812,1.3243,4.8177,2.1818
1281,0.1413,0.3031,0.1522,1.3653,3.2927,1.8331
211,0.2816,0.2172,0.2545,2.7221,2.3589,3.0649
1300,0.1923,0.3398,0.3912,1.8585,3.6913,4.7109
910,0.3781,0.2121,0.1172,3.6544,2.3042,1.4119
522,0.0399,0.1872,0.2387,0.3855,2.0333,2.8747
352,0.1355,0.6108,0.2238,1.3099,6.6348,2.6956
945,0.1077,0.132,0.238,1.0407,1.4344,2.8661
948,0.043,0.1814,0.6015,0.4157,1.9704,7.2439
392,0.2514,0.2154,0.094,2.4294,2.3396,1.1316
796,0.2293,0.1035,0.2912,2.2162,1.1247,3.5066
579,0.4605,0.2193,0.2012,4.451,2.3825,2.4234
1526,0.1233,0.3234,0.1677,1.1916,3.5126,2.0201
1562,0.2131,0.2923,0.2952,2.0593,3.1757,3.5551
1295,0.15,0.2433,0.4157,1.4496,2.6428,5.0066
916,0.2124,0.2465,0.115,2.0526,2.6781,1.385
919,0.1637,0.1693,0.2766,1.5817,1.8389,3.3311
276,0.232,0.2898,0.2651,2.2425,3.1477,3.193
1485,0.2376,0.3315,0.2093,2.2966,3.6006,2.5211
180,0.1484,0.2792,0.2965,1.4346,3.033,3.5711
64,0.4436,0.1891,0.1641,4.2875,2.0537,1.9763
780,0.1712,0.2507,0.3744,1.6544,2.7228,4.5085
1064,0.2208,0.1851,0.3342,2.1342,2.0104,4.0249
1540,0.2035,0.2942,0.1438,1.9666,3.1958,1.7321
119,0.2209,0.248,0.4151,2.1354,2.6939,4.9994
1050,0.2537,0.297,0.4276,2.4516,3.2266,5.15
30,0.459,0.1146,0.2181,4.4367,1.2443,2.6268
772,0.2582,0.3469,0.1401,2.4959,3.7682,1.6868
484,0.3642,0.1628,0.1393,3.5203,1.7686,1.6778
1280,0.1793,0.4458,0.0996,1.7334,4.8426,1.1997
1407,0.1761,0.1668,0.1492,1.7024,1.8121,1.7968
1385,0.1139,0.3517,0.4952,1.1006,3.8208,5.9633
487,0.0779,0.1965,0.2092,0.7532,2.1345,2.519
301,0.1485,0.3199,0.1174,1.4353,3.4747,1.4136
577,0.1371,0.198,0.1482,1.3251,2.1506,1.7847
1610,0.2829,0.1323,0.2041,2.7343,1.4373,2.4583
1366,0.1512,0.2864,0.2667,1.4617,3.1107,3.2117
531,0.1517,0.2632,0.4651,1.4658,2.8595,5.6017
258,0.2551,0.2631,0.3208,2.4653,2.8574,3.8635
389,0.592,0.5779,0.3945,5.7218,6.2769,4.7505
228,0.1048,0.1977,0.2109,1.0127,2.1472,2.5402
1187,0.3357,0.1782,0.2105,3.2441,1.9355,2.5354
506,0.4052,0.1025,0.2834,3.9163,1.1139,3.4125
1594,0.0832,0.3012,0.4049,0.8042,3.2722,4.8759
1360,0.0909,0.3328,0.4769,0.8789,3.6154,5.7432
1304,0.1113,0.2857,0.1305,1.0754,3.1039,1.5714
1525,0.2687,0.3149,0.0952,2.5971,3.4208,1.1469
318,0.1405,0.1299,0.2384,1.3582,1.4111,2.871
1433,0.1217,0.1346,0.1656,1.1759,1.4616,1.9946
595,0.1496,0.2126,0.4731,1.4463,2.3089,5.6979
1365,0.1419,0.4477,0.5336,1.3714,4.8637,6.4264
394,0.3242,0.1388,0.5799,3.133,1.5079,6.9842
454,0.1951,0.4484,0.35,1.8856,4.8707,4.2152
1544,0.0182,0.1812,0.1402,0.1758,1.9682,1.6885
336,0.1954,0.3766,0.1296,1.8883,4.0913,1.561
756,0.3985,0.1419,0.5049,3.8518,1.5415,6.0802
196,0.252,0.1374,0.1019,2.4358,1.4927,1.2269
1377,0.1493,0.1496,0.3962,1.4428,1.6253,4.7718
239,0.2654,0.3493,0.6904,2.5647,3.7938,8.314
545,0.1775,0.419,0.4876,1.7158,4.5514,5.8717
257,0.1534,0.1311,0.2021,1.4829,1.4245,2.4342
367,0.0992,0.228,0.1629,0.9586,2.4764,1.9619
1359,0.1589,0.4372,0.1591,1.5359,4.7486,1.9159
1077,0.2554,0.2563,0.627,2.4688,2.784,7.5511
1498,0.2304,0.268,0.3359,2.2264,2.9109,4.0448
1194,0.2209,0.1596,0.3851,2.1346,1.7332,4.6374
505,0.1393,0.4176,0.3026,1.3467,4.536,3.6439
862,0.2016,0.1912,0.3966,1.9485,2.0765,4.7767
74,0.2055,0.236,0.1203,1.9861,2.5635,1.4483
152,0.1474,0.381,0.1666,1.4249,4.1384,2.0067
1251,0.1592,0.2986,0.2422,1.5384,3.2436,2.9165
1234,0.2333,0.2684,0.3018,2.2548,2.9155,3.6344
925,0.1348,0.1462,0.2604,1.3027,1.5886,3.1359
39,0.2202,0.2773,0.112,2.128,3.0123,1.3485
783,0.1961,0.2396,0.2465,1.895,2.6022,2.9692
1314,0.1854,0.3547,0.3021,1.7914,3.8526,3.6381
170,0.192,0.2001,0.3664,1.8554,2.1734,4.4131
62,0.1681,0.2421,0.2243,1.6244,2.6298,2.701
566,0.2238,0.1818,0.4561,2.1633,1.9749,5.4926
853,0.093,0.3494,0.2481,0.8988,3.7951,2.9878
155,0.2479,0.1123,0.3842,2.3956,1.2197,4.6272
1097,0.1918,0.1683,0.3175,1.8541,1.8283,3.8231
951,0.1381,0.4885,0.2347,1.3345,5.3064,2.826
1241,0.1084,0.6187,0.4569,1.0478,6.7208,5.503
766,0.4694,0.1331,0.1566,4.5363,1.4462,1.8859
829,0.0717,0.1125,0.3465,0.6926,1.2223,4.173
235,0.0935,0.1097,0.4564,0.9041,1.1919,5.497
876,0.1577,0.3599,0.2166,1.5239,3.9091,2.6086
1510,0.4271,0.1634,0.1401,4.128,1.7746,1.6869
1126,0.1954,0.1957,0.1857,1.8886,2.1254,2.2361
1597,0.1696,0.2101,0.4926,1.639,2.282,5.9325
197,0.2558,0.7486,0.2575,2.4726,8.132,3.1013
769,0.1881,0.5267,0.256,1.8184,5.7209,3.083
1090,0.1591,0.2595,0.1838,1.5376,2.8188,2.2133
504,0.095,0.2374,0.4625,0.9178,2.5783,5.5696
1132,0.165,0.2849,0.2859,1.5947,3.0949,3.4437
868,0.2777,0.2107,0.4171,2.6844,2.2888,5.0231
1609,0.2305,0.2561,0.2755,2.2278,2.7823,3.3184
587,0.2582,0.6381,0.2112,2.4959,6.9318,2.5434
1566,0.1994,0.1559,0.2031,1.9272,1.6939,2.4465
1263,0.2199,0.1442,0.3437,2.1252,1.5666,4.1393
216,0.1421,0.1736,0.1893,1.3737,1.8861,2.2803
1416,0.3449,0.2168,0.1746,3.3333,2.3545,2.1033
1493,0.1721,0.1924,0.6517,1.6635,2.0896,7.8486
283,0.1558,0.2222,0.2345,1.5056,2.4132,2.8236
1039,0.2295,0.3008,0.2068,2.2181,3.2674,2.4905
1123,0.1599,0.3163,0.4578,1.5458,3.4357,5.5127
1107,0.1361,0.3589,0.4189,1.3153,3.899,5.0451
396,0.1348,0.2019,0.2695,1.3024,2.1928,3.245
750,0.1313,0.1232,0.4462,1.2686,1.3387,5.3742
99,0.4184,0.2253,0.2654,4.0438,2.4473,3.1958
1398,0.4112,0.1945,0.3002,3.9738,2.1128,3.6156
1321,0.2145,0.2445,0.4373,2.073,2.6559,5.2667
1242,0.1355,0.1794,0.4629,1.3094,1.9484,5.5753
828,0.2488,0.1567,0.6354,2.4051,1.7025,7.6523
1047,0.1617,0.5904,0.2334,1.5627,6.4137,2.811
1551,0.2296,0.2168,0.5131,2.2195,2.3554,6.1787
807,0.1918,0.1722,0.1453,1.8541,1.8708,1.7497
1010,0.1059,0.2662,0.102,1.0232,2.8916,1.2284
999,0.2457,0.2039,0.3131,2.375,2.2148,3.7711
201,0.1202,0.2441,0.1997,1.1619,2.6518,2.4049
674,0.2458,0.1354,0.6175,2.376,1.4705,7.437
1262,0.2392,0.5249,0.2634,2.3123,5.7017,3.1725
1200,0.1814,0.2418,0.4497,1.7536,2.6266,5.4152
1240,0.144,0.2899,0.4862,1.3915,3.1488,5.8549
1148,0.3594,0.2009,0.0868,3.4736,2.1819,1.045
246,0.1552,0.0739,0.1546,1.4998,0.8026,1.8623
841,0.2174,0.2722,0.1919,2.1016,2.9569,2.3108
263,0.1385,0.3447,0.1961,1.3382,3.7441,2.3622
379,0.2565,0.3772,0.4055,2.4789,4.0969,4.8835
111,0.1873,0.1702,0.378,1.8104,1.8491,4.5519
289,0.1834,0.4732,0.3486,1.7724,5.1401,4.1982
1021,0.144,0.1308,0.1804,1.3921,1.4207,2.1724
958,0.3336,0.1432,0.0508,3.2243,1.556,0.6115
669,0.1674,0.249,0.2361,1.6176,2.7048,2.843
778,0.1142,0.2751,0.1899,1.1038,2.9878,2.2873
555,0.2118,0.1609,0.2449,2.0475,1.7481,2.9494
511,0.1116,0.1829,0.3307,1.0786,1.9867,3.9832
214,0.0915,0.1597,0.1086,0.8841,1.7342,1.308
592,0.1483,0.6993,0.2802,1.4334,7.5959,3.3749
153,0.2676,0.4636,0.325,2.5866,5.0362,3.9145
616,0.2675,0.1874,0.0951,2.5855,2.0353,1.1455
229,0.1987,0.1755,0.2221,1.9203,1.9069,2.6749
781,0.1431,0.2569,0.3401,1.3833,2.7905,4.0957
169,0.1678,0.1953,0.1293,1.6215,2.1214,1.5577
870,0.1187,0.2877,0.387,1.147,3.1247,4.6611
752,0.1987,0.3288,0.139,1.9206,3.5719,1.6739
912,0.2909,0.1252,0.1746,2.8114,1.3596,2.1027
432,0.3136,0.3236,0.2403,3.0312,3.5154,2.8937
1310,0.2142,0.2643,0.2081,2.0704,2.8715,2.5057
224,0.3313,0.1798,0.2696,3.2023,1.9527,3.2472
1153,0.2733,0.1705,0.1944,2.6413,1.8521,2.3407
835,0.1694,0.177,0.1668,1.6369,1.9227,2.0089
1122,0.3484,0.1343,0.4575,3.367,1.4584,5.5099
359,0.1007,0.3277,0.1321,0.9737,3.5598,1.5915
967,0.1681,0.2221,0.6202,1.6244,2.413,7.469
788,0.133,0.551,0.2459,1.2859,5.9858,2.9618
138,0.2047,0.1979,0.1787,1.9788,2.1492,2.1517
309,0.1204,0.2779,0.1698,1.1638,3.0189,2.0451
626,0.2059,0.2136,0.2105,1.9897,2.3203,2.5348
166,0.2504,0.2268,0.3569,2.4198,2.464,4.2979
55,0.2731,0.238,0.2061,2.6396,2.5851,2.4817
538,0.2256,0.3044,0.211,2.1807,3.3061,2.5415
1185,0.2193,0.1422,0.3939,2.1199,1.545,4.7436
1002,0.2045,0.2444,0.2028,1.9764,2.6547,2.4426
373,0.2806,0.2804,0.4066,2.7117,3.0457,4.8968
516,0.1775,0.4654,0.2453,1.7153,5.0552,2.954
426,0.2599,0.1807,0.1656,2.5119,1.9625,1.9949
237,0.2588,0.2565,0.2806,2.501,2.7863,3.3789
839,0.1363,0.2202,0.226,1.3175,2.3915,2.7212
1587,0.0639,0.1856,0.2477,0.6178,2.0159,2.9832
521,0.2962,0.1247,0.4186,2.8625,1.3548,5.0412
803,0.2381,0.1807,0.4138,2.301,1.9629,4.9837
411,0.0916,0.193,0.1431,0.8848,2.0963,1.7239
1271,0.2535,0.3192,0.2909,2.4499,3.4672,3.5039
364,0.1148,0.168,0.2689,1.1098,1.8251,3.2382
261,0.18,0.1977,0.5175,1.7398,2.1477,6.2327
28,0.146,0.1735,0.3962,1.4114,1.8851,4.7718
467,0.1746,0.217,0.1651,1.6873,2.3569,1.9886
1093,0.4213,0.1247,0.2215,4.0718,1.3542,2.667
667,0.1896,0.2463,0.2759,1.8324,2.6752,3.3228
312,0.1033,0.2387,0.1416,0.9983,2.5925,1.7051
226,0.1846,0.2502,0.1411,1.784,2.7179,1.699
749,0.162,0.1355,0.3166,1.5655,1.4714,3.813
1260,0.066,0.5108,0.2565,0.6379,5.549,3.0887
347,0.1861,0.1279,0.169,1.7991,1.3892,2.0356
1341,0.1775,0.2717,0.5035,1.7152,2.9518,6.0639
1474,0.2442,0.3481,0.5726,2.3605,3.7813,6.896
768,0.151,0.0848,0.117,1.4592,0.921,1.409
265,0.4445,0.1525,0.4161,4.2963,1.6568,5.0116
1008,0.5627,0.2695,0.2868,5.4389,2.9276,3.4545
41,0.177,0.1592,0.6699,1.7104,1.7293,8.0674
523,0.117,0.2477,0.1744,1.1311,2.6904,2.1001
902,0.1456,0.2515,0.2354,1.4075,2.7321,2.8347
620,0.088,0.1794,0.273,0.851,1.9486,3.2881
1204,0.1973,0.1824,0.3921,1.9066,1.9815,4.7218
978,0.0896,0.7392,0.499,0.866,8.0296,6.0098
1324,0.1956,0.2882,0.3414,1.8905,3.1301,4.1113
1226,0.4071,0.2562,0.5568,3.9344,2.7829,6.7057
353,0.3128,0.1757,0.4158,3.0232,1.9081,5.0081
141,0.196,0.2645,0.3448,1.8942,2.8733,4.152
350,0.3185,0.2116,0.8296,3.0786,2.2984,9.9911
708,0.2432,0.2784,0.322,2.3503,3.0238,3.8776
98,0.1897,0.3213,0.2732,1.8339,3.4907,3.2899
270,0.2206,0.1832,0.2689,2.1319,1.9896,3.2386
1129,0.3062,0.4714,0.0937,2.9595,5.1201,1.1283
1229,0.3012,0.1894,0.168,2.9113,2.0578,2.0235
681,0.1187,0.1789,0.286,1.147,1.943,3.444
607,0.244,0.26,0.4859,2.3581,2.8248,5.8514
1586,0.201,0.1261,0.5064,1.9427,1.3695,6.0988
188,0.3544,0.2565,0.3204,3.4251,2.7863,3.8584
1614,0.2703,0.1602,0.2911,2.6129,1.7403,3.5059
940,0.4633,0.1528,0.3303,4.4778,1.6597,3.9773
779,0.2918,0.3397,0.4122,2.8198,3.6899,4.9638
115,0.2212,0.1088,0.2379,2.1375,1.1816,2.8646
354,0.3811,0.2768,0.1684,3.6833,3.0064,2.0275
165,0.1827,0.1696,0.1975,1.7658,1.8426,2.3782
866,0.3834,0.2651,0.4455,3.7055,2.8795,5.3653
1455,0.1531,0.2767,0.6997,1.4801,3.0052,8.426
1136,0.1194,0.2525,0.1702,1.1541,2.7424,2.0492
1192,0.2589,0.1467,0.5953,2.5024,1.5937,7.1698
410,0.203,0.2616,0.304,1.962,2.8411,3.6611
1559,0.2163,0.2314,0.2785,2.0907,2.5132,3.3535
490,0.133,0.2511,0.4688,1.285,2.7274,5.6462
1138,0.1262,0.3115,0.2686,1.22,3.3841,3.2343
543,0.1959,0.2988,0.2448,1.8929,3.2454,2.9477
738,0.1042,0.3546,0.3094,1.0068,3.8523,3.7258
458,0.1568,0.2814,0.3816,1.5158,3.0565,4.5952
1518,0.2189,0.2514,0.2933,2.1155,2.7305,3.5327
799,0.0385,0.2714,0.0793,0.3721,2.9485,0.9554
140,0.1692,0.2931,0.3683,1.6355,3.1838,4.4356
1009,0.2276,0.2514,0.2985,2.1996,2.731,3.5947
311,0.2821,0.1641,0.4418,2.7263,1.7828,5.3202
813,0.1173,0.5189,0.2756,1.1336,5.6361,3.319
338,0.1135,0.2066,0.4408,1.097,2.2441,5.309
1237,0.0904,0.1725,0.3713,0.8742,1.8733,4.4721
1588,0.118,0.4345,0.087,1.1403,4.7197,1.0472
1101,0.2496,0.1796,0.3149,2.4124,1.9506,3.7928
975,0.0695,0.1611,0.6421,0.6718,1.7501,7.7327
983,0.3522,0.1998,0.1507,3.4043,2.1703,1.8152
104,0.1741,0.5705,0.2454,1.6828,6.1968,2.9557
101,0.1473,0.3585,0.2596,1.4241,3.8939,3.1265
1147,0.1993,0.1912,0.4281,1.926,2.0769,5.1558
954,0.1562,0.3708,0.1256,1.5096,4.0273,1.512
724,0.2784,0.2697,0.3236,2.6905,2.9292,3.8975
1508,0.2213,0.1578,0.0849,2.1393,1.7145,1.0226
430,0.2587,0.2505,0.2427,2.5004,2.7214,2.923
640,0.1523,0.3392,0.1873,1.4723,3.6848,2.2552
664,0.2519,0.2052,0.2118,2.4349,2.2293,2.5504
1162,0.1893,0.159,0.3592,1.8295,1.7272,4.3264
676,0.1392,0.3505,0.2198,1.3449,3.8077,2.6474
1373,0.1451,0.3202,0.5606,1.4029,3.4779,6.7516
1521,0.1331,0.1691,0.3637,1.2866,1.8365,4.3801
811,0.184,0.2382,0.4067,1.7787,2.5876,4.8977
146,0.3779,0.1378,0.2589,3.6527,1.4972,3.1178
1478,0.1849,0.1613,0.1529,1.7871,1.7523,1.8411
1389,0.2431,0.3379,0.1724,2.3495,3.6709,2.0757
1092,0.2978,0.1748,0.3108,2.8785,1.8989,3.7424
151,0.1285,0.5143,0.3083,1.2419,5.5869,3.7127
583,0.5845,0.1747,0.3308,5.6496,1.8975,3.9842
727,0.2031,0.5974,0.41,1.9634,6.4892,4.9371
1497,0.1411,0.3501,0.5252,1.3639,3.8032,6.3248
231,0.2031,0.1474,0.7064,1.9633,1.6013,8.5073
16,0.0966,0.3923,0.2919,0.9332,4.2612,3.5154
562,0.2515,0.1969,0.6039,2.4304,2.1386,7.2729
1228,0.2717,0.1688,0.3298,2.6262,1.8334,3.9716
233,0.2535,0.1605,0.2658,2.4502,1.7434,3.2014
329,0.1476,0.4099,0.6156,1.4264,4.4524,7.414
1013,0.0564,0.2782,0.4582,0.5447,3.0224,5.5178
965,0.1852,0.0962,0.4831,1.79,1.0446,5.8182
1457,0.1257,0.2242,0.1138,1.2148,2.4356,1.3704
1146,0.0924,0.2109,0.2119,0.8932,2.2913,2.5522
513,0.206,0.3015,0.2939,1.9907,3.2747,3.5396
207,0.2197,0.2109,0.1749,2.1229,2.2913,2.1059
326,0.2297,0.3332,0.4723,2.2202,3.6197,5.6884
1102,0.2423,0.0913,0.1644,2.3418,0.9914,1.9803
760,0.085,0.4571,0.3779,0.8215,4.9651,4.5514
345,0.1085,0.2548,0.1614,1.0491,2.7672,1.9436
496,0.2216,0.3548,0.5867,2.1415,3.8539,7.0653
1270,0.1611,0.2673,0.2597,1.5575,2.9035,3.1277
145,0.1718,0.461,0.2529,1.66,5.0074,3.0461
1426,0.1629,0.2429,0.1435,1.5744,2.6388,1.7278
596,0.3996,0.1141,0.2247,3.8619,1.2395,2.7062
931,0.1807,0.3904,0.212,1.7461,4.2408,2.5535
1112,0.1131,0.4523,0.3478,1.0933,4.9129,4.1886
1211,0.187,0.1744,0.4008,1.8077,1.8946,4.827
32,0.0852,0.1925,0.3203,0.8238,2.0913,3.8576
651,0.1005,0.2408,0.3473,0.971,2.6157,4.1829
1465,0.2184,0.1896,0.2652,2.1105,2.0595,3.1935
1057,0.3221,0.1564,0.1736,3.1126,1.6987,2.0908
603,0.1076,0.1703,0.1691,1.04,1.8495,2.0361
488,0.1122,0.2819,0.2307,1.0845,3.0623,2.7783
206,0.0948,0.5849,0.1512,0.9162,6.3536,1.821
785,0.4767,0.142,0.4616,4.6071,1.5427,5.5589
1424,0.206,0.3219,0.5221,1.9911,3.4967,6.288
1248,0.2661,0.1402,0.3124,2.5717,1.5229,3.762
12,0.173,0.1857,0.269,1.6722,2.0175,3.2399
325,0.1562,0.102,0.5379,1.5092,1.1076,6.4777
110,0.2622,0.3064,0.2093,2.534,3.3279,2.5211
232,0.2428,0.143,0.2156,2.347,1.5528,2.5964
886,0.1206,0.5208,0.3215,1.166,5.6567,3.8724
650,0.1878,0.1444,0.2638,1.8148,1.5683,3.1768
260,0.2233,0.1847,0.2249,2.158,2.0068,2.7088
330,0.2807,0.2041,0.3333,2.7125,2.217,4.014
851,0.069,0.5742,0.245,0.667,6.2368,2.9511
117,0.367,0.2218,0.6179,3.5468,2.4091,7.4414
571,0.1404,0.2583,0.2718,1.3571,2.8054,3.2733
440,0.093,0.1478,0.2814,0.8985,1.6059,3.3892
1007,0.5446,0.1548,0.314,5.264,1.6811,3.7809
340,0.2668,0.4117,0.0658,2.5791,4.4726,0.7925
1343,0.1785,0.1852,0.6795,1.7256,2.0113,8.1833
57,0.3233,0.2404,0.4851,3.1251,2.6115,5.842
696,0.1041,0.1763,0.4493,1.0057,1.9149,5.4108
401,0.0874,0.2782,0.1939,0.8444,3.0215,2.3356
996,0.0969,0.3574,0.2458,0.9368,3.8828,2.9605
972,0.157,0.2725,0.2079,1.5176,2.9599,2.5032
358,0.208,0.2214,0.4052,2.0102,2.4053,4.8803
1252,0.2263,0.3539,0.5273,2.1877,3.8439,6.3506
1332,0.2847,0.1241,0.5641,2.7516,1.348,6.7938
423,0.1415,0.2142,0.2706,1.3679,2.3268,3.2591
697,0.295,0.1887,0.396,2.8508,2.0496,4.7685
1114,0.0838,0.1672,0.2353,0.8097,1.8164,2.8336
243,0.2889,0.5848,0.3978,2.7918,6.3528,4.7912
164,0.0733,0.2608,0.5144,0.7089,2.833,6.1955
1225,0.3604,0.2447,0.3384,3.4837,2.6576,4.0759
1073,0.4514,0.2207,0.4759,4.3624,2.3969,5.7311
1207,0.1331,0.3027,0.1415,1.2864,3.2879,1.7039
759,0.2841,0.2082,0.2829,2.7461,2.2615,3.4076
296,0.204,0.1462,0.2614,1.9721,1.5885,3.1475
435,0.1766,0.1716,0.3735,1.7072,1.8637,4.4982
1082,0.2127,0.1658,0.6279,2.0553,1.8013,7.5612
1569,0.48,0.1628,0.7718,4.6393,1.7681,9.2952
1546,0.1507,0.4091,0.1273,1.4566,4.4438,1.5337
685,0.1377,0.2375,0.27,1.3305,2.58,3.252
333,0.2038,0.1706,0.4751,1.9694,1.8528,5.7212
1504,0.2571,0.3954,0.3035,2.4853,4.2948,3.6556
987,0.1956,0.172,0.3647,1.8903,1.8679,4.3926
386,0.2529,0.2425,0.1173,2.4446,2.6345,1.413
786,0.2446,0.2677,0.2414,2.3641,2.9074,2.9066
1501,0.1458,0.4016,0.2196,1.4093,4.3625,2.6446
1313,0.2103,0.2932,0.162,2.0324,3.1849,1.9506
168,0.1605,0.3592,0.4484,1.5515,3.9013,5.3997
695,0.2172,0.1593,0.343,2.0988,1.7307,4.1306
1507,0.1645,0.2736,0.1628,1.5897,2.9717,1.961
1482,0.2221,0.1338,0.4203,2.1466,1.4529,5.0622
1071,0.1022,0.2182,0.4444,0.9877,2.3698,5.3522
726,0.2634,0.2979,0.2247,2.5457,3.2358,2.7063
1319,0.1224,0.221,0.3498,1.183,2.4001,4.2132
530,0.1822,0.197,0.4695,1.7609,2.1399,5.6548
183,0.2189,0.211,0.3492,2.1157,2.2919,4.2054
1349,0.1918,0.4749,0.5078,1.8533,5.1588,6.1151
403,0.2482,0.1648,0.444,2.3987,1.7906,5.3476
818,0.196,0.1768,0.2106,1.8943,1.9204,2.5369
1509,0.2246,0.233,0.1623,2.1711,2.5313,1.9542
637,0.3433,0.188,0.3177,3.3183,2.042,3.8265
1512,0.2092,0.1547,0.2185,2.0217,1.6803,2.6314
1480,0.4749,0.1309,0.4195,4.59,1.4218,5.0518
1487,0.16,0.5621,0.1054,1.546,6.106,1.2694
655,0.161,0.1164,0.3463,1.5561,1.2644,4.1699
844,0.1795,0.1828,0.3854,1.7345,1.9855,4.6413
622,0.2791,0.2058,0.2602,2.6979,2.2353,3.133
274,0.2079,0.1956,0.3057,2.0094,2.1249,3.6811
1420,0.2182,0.1937,0.1854,2.1088,2.1041,2.2332
100,0.2116,0.1931,0.238,2.0448,2.0975,2.8663
1598,0.2533,0.293,0.2031,2.4485,3.1826,2.4463
498,0.1196,0.2701,0.6842,1.1564,2.9336,8.2393
540,0.1071,0.3641,0.438,1.035,3.9554,5.2743
5,0.1725,0.2779,0.4756,1.6669,3.0183,5.7274
728,0.1764,0.1937,0.3243,1.7052,2.1044,3.905
299,0.4159,0.1304,0.4085,4.0195,1.4169,4.919
1210,0.1582,0.2024,0.5346,1.5291,2.1987,6.4386
1278,0.0962,0.5848,0.09,0.9294,6.3525,1.0837
586,0.2172,0.2485,0.2204,2.0993,2.6995,2.6537
535,0.2238,0.678,0.396,2.1629,7.3644,4.7695
463,0.2014,0.2468,0.1603,1.9466,2.6804,1.9311
1181,0.3892,0.1676,0.1442,3.7621,1.8205,1.736
1468,0.2088,0.2859,0.2175,2.0178,3.1057,2.6189
128,0.1348,0.2321,0.1227,1.3025,2.5216,1.4774
383,0.2181,0.102,0.3761,2.1076,1.1082,4.5292
1443,0.0523,0.3491,0.6205,0.5058,3.7918,7.4727
1176,0.1223,0.2782,0.2263,1.1817,3.0221,2.725
255,0.1633,0.1592,0.3356,1.5781,1.7294,4.0414
731,0.1442,0.27,0.6785,1.3933,2.9331,8.1717
1435,0.3049,0.3162,0.215,2.9473,3.4348,2.5888
532,0.0519,0.4459,0.4635,0.5018,4.8435,5.5819
1494,0.1125,0.1835,0.1007,1.0874,1.9935,1.2129
1296,0.0916,0.3058,0.4192,0.885,3.3219,5.0484
286,0.2413,0.1293,0.3298,2.3323,1.4049,3.9722
362,0.2996,0.2587,0.4527,2.8952,2.8104,5.4523
539,0.1979,0.1371,0.2945,1.913,1.4893,3.5467
1553,0.256,0.1505,0.3247,2.4738,1.6352,3.9105
715,0.1832,0.2623,0.2368,1.7705,2.8489,2.8524
899,0.1841,0.1821,0.1489,1.7798,1.9784,1.7929
847,0.2474,0.1428,0.2783,2.3914,1.5511,3.3517
798,0.1771,0.1742,0.3399,1.7114,1.8928,4.0934
1421,0.094,0.3414,0.2341,0.9086,3.708,2.8191
307,0.2187,0.1796,0.457,2.1134,1.9504,5.5032
936,0.1685,0.1645,0.2263,1.6283,1.787,2.7259
77,0.1455,0.1389,0.106,1.4061,1.5086,1.276
223,0.1432,0.3492,0.2029,1.3842,3.7933,2.444
871,0.0712,0.1433,0.3102,0.6884,1.5563,3.7362
105,0.1447,0.1625,0.2074,1.398,1.7655,2.4979
893,0.3744,0.1774,0.267,3.6181,1.927,3.2157
356,0.1763,0.3554,0.2298,1.7043,3.8601,2.7669
1491,0.1373,0.3455,0.4885,1.3267,3.7526,5.8825
820,0.1903,0.1899,0.1443,1.839,2.0632,1.7377
594,0.3364,0.2295,0.2764,3.2517,2.4934,3.3284
429,0.094,0.1704,0.1993,0.9085,1.8505,2.4002
1358,0.2305,0.202,0.5474,2.228,2.1946,6.5921
1049,0.1211,0.3231,0.3867,1.1702,3.5095,4.6568
968,0.3684,0.2323,0.2137,3.5606,2.5234,2.5734
1110,0.1089,0.1729,0.4269,1.0522,1.8779,5.141
1444,0.1501,0.1731,0.2571,1.451,1.8804,3.0968
832,0.1233,0.1717,0.4026,1.1913,1.8654,4.8485
1120,0.1574,0.332,0.2071,1.5211,3.6064,2.4947
174,0.1417,0.0918,0.5966,1.3693,0.9968,7.1845
567,0.117,0.2088,0.1281,1.131,2.2686,1.5431
314,0.2011,0.317,0.5155,1.9434,3.4437,6.208
1441,0.1348,0.3518,0.2636,1.3027,3.8215,3.1751
1604,0.394,0.2645,0.1358,3.8079,2.8732,1.6351
1089,0.1084,0.2145,0.1961,1.0474,2.3297,2.3618
1119,0.5707,0.1919,0.7827,5.5154,2.0848,9.4266
887,0.1547,0.1866,0.2504,1.4949,2.0267,3.0151
559,0.3897,0.1109,0.2715,3.7668,1.2048,3.2695
949,0.0682,0.3081,0.1849,0.6591,3.3469,2.2263
842,0.0839,0.2277,0.1778,0.8109,2.4735,2.1408
1326,0.1675,0.2143,0.2611,1.6192,2.3282,3.1447
1449,0.1461,0.3759,0.2278,1.412,4.0829,2.744
1072,0.1899,0.2196,0.3302,1.8357,2.3856,3.9762
641,0.1759,0.267,0.2981,1.6998,2.9005,3.5895
1069,0.1226,0.3347,0.2652,1.1845,3.6352,3.1942
1336,0.1751,0.266,0.1705,1.6926,2.8893,2.0532
431,0.2114,0.1959,0.4679,2.0434,2.1281,5.6355
406,0.1587,0.22,0.173,1.5341,2.3895,2.0838
765,0.2465,0.184,0.3326,2.3825,1.9989,4.0058
124,0.1861,0.2638,0.1511,1.7991,2.8659,1.8203
456,0.3316,0.2727,0.2465,3.2051,2.9617,2.9686
1026,0.0422,0.2323,0.0741,0.4076,2.5237,0.8922
419,0.1438,0.2987,0.2857,1.3897,3.2447,3.4406
1024,0.188,0.2059,0.152,1.8166,2.2366,1.8301
464,0.1177,0.215,0.2656,1.1378,2.3353,3.1981
409,0.1583,0.242,0.2307,1.5303,2.6288,2.7779
1466,0.1675,0.214,0.1755,1.6192,2.3251,2.1131
