Client,Offer,P_buy,Expected_Revenue
350,CL,0.8296,9.9911
878,CL,0.8191,9.8644
524,CL,0.7918,9.5359
1119,CL,0.7827,9.4266
1569,CL,0.7718,9.2952
231,CL,0.7064,8.5073
1455,CL,0.6997,8.426
239,CL,0.6904,8.314
498,CL,0.6842,8.2393
1343,CL,0.6795,8.1833
731,CL,0.6785,8.1717
197,CC,0.7486,8.132
41,CL,0.6699,8.0674
978,CC,0.7392,8.0296
342,CL,0.6631,7.986
1096,CL,0.6578,7.9217
1493,CL,0.6517,7.8486
1063,CL,0.6503,7.8313
975,CL,0.6421,7.7327
460,CL,0.6368,7.6688
828,CL,0.6354,7.6523
382,CC,0.7005,7.6091
592,CC,0.6993,7.5959
1082,CL,0.6279,7.5612
1077,CL,0.627,7.5511
710,CL,0.6244,7.5203
1530,CL,0.6214,7.4832
1443,CL,0.6205,7.4727
967,CL,0.6202,7.469
485,CL,0.619,7.4544
117,CL,0.6179,7.4414
674,CL,0.6175,7.437
329,CL,0.6156,7.414
1289,CL,0.6155,7.412
535,CC,0.678,7.3644
126,CL,0.6075,7.3162
562,CL,0.6039,7.2729
948,CL,0.6015,7.2439
174,CL,0.5966,7.1845
1192,CL,0.5953,7.1698
665,CL,0.5888,7.091
496,CL,0.5867,7.0653
217,CL,0.5811,6.9986
394,CL,0.5799,6.9842
587,CC,0.6381,6.9318
1474,CL,0.5726,6.896
1332,CL,0.5641,6.7938
1076,CC,0.6248,6.7871
1373,CL,0.5606,6.7516
706,CL,0.5601,6.745
1241,CC,0.6187,6.7208
1226,CL,0.5568,6.7057
19,CC,0.6117,6.6449
717,CL,0.5517,6.6438
352,CC,0.6108,6.6348
1358,CL,0.5474,6.5921
1227,CC,0.6022,6.541
701,CC,0.6009,6.5268
4,CL,0.5415,6.5214
727,CC,0.5974,6.4892
668,CC,0.5974,6.4892
325,CL,0.5379,6.4777
1210,CL,0.5346,6.4386
1365,CL,0.5336,6.4264
852,CL,0.5331,6.4205
1047,CC,0.5904,6.4137
206,CC,0.5849,6.3536
243,CC,0.5848,6.3528
1278,CC,0.5848,6.3525
1252,CL,0.5273,6.3506
1497,CL,0.5252,6.3248
1424,CL,0.5221,6.288
1134,CL,0.5217,6.2829
389,CC,0.5779,6.2769
851,CC,0.5742,6.2368
261,CL,0.5175,6.2327
331,CL,0.5167,6.223
314,CL,0.5155,6.208
1599,CL,0.515,6.2018
104,CC,0.5705,6.1968
164,CL,0.5144,6.1955
1551,CL,0.5131,6.1787
240,CL,0.5113,6.1581
61,CL,0.5089,6.1292
1349,CL,0.5078,6.1151
1487,CC,0.5621,6.106
1586,CL,0.5064,6.0988
756,CL,0.5049,6.0802
1341,CL,0.5035,6.0639
528,CL,0.5032,6.0601
1419,CC,0.5549,6.0278
1516,CL,0.4997,6.0179
788,CC,0.551,5.9858
1183,CL,0.4964,5.9787
1356,CL,0.4963,5.9775
1385,CL,0.4952,5.9633
1597,CL,0.4926,5.9325
